[
  {
    "employee_id": "EMP1000",
    "doctor_name": "Dr. Pooja Gupta",
    "specialization": "Cardiology",
    "hospital_name": "CMC Vellore",
    "locality": "Katpadi Road",
    "city": "Vellore",
    "state": "Tamil Nadu",
    "phone_number": "9267096700",
    "email_address": "pooja.gupta0@hospitalmail.in",
    "native_language": "Malayalam",
    "languages_known": ["Kannada", "Hindi", "Telugu", "English"],
    "rating": 4.8
  },
  {
    "employee_id": "EMP1001",
    "doctor_name": "Dr. Vikram Chatterjee",
    "specialization": "Ophthalmology",
    "hospital_name": "CMC Vellore",
    "locality": "Katpadi Road",
    "city": "Vellore",
    "state": "Tamil Nadu",
    "phone_number": "8261689280",
    "email_address": "vikram.chatterjee1@hospitalmail.in",
    "native_language": "Tamil",
    "languages_known": ["Bengali", "Hindi"],
    "rating": 4.6
  },
  {
    "employee_id": "EMP1002",
    "doctor_name": "Dr. Kavita Reddy",
    "specialization": "Psychiatry",
    "hospital_name": "Aster Medcity",
    "locality": "Cheranalloor",
    "city": "Kochi",
    "state": "Kerala",
    "phone_number": "8326018282",
    "email_address": "kavita.reddy2@hospitalmail.in",
    "native_language": "Marathi",
    "languages_known": ["Bengali", "Kannada", "Telugu", "Marathi"],
    "rating": 4.7
  },
  {
    "employee_id": "EMP1003",
    "doctor_name": "Dr. Divya Sharma",
    "specialization": "General Medicine",
    "hospital_name": "Apollo Hospitals",
    "locality": "Jubilee Hills",
    "city": "Hyderabad",
    "state": "Telangana",
    "phone_number": "7902416321",
    "email_address": "divya.sharma3@hospitalmail.in",
    "native_language": "Malayalam",
    "languages_known": ["Tamil", "Hindi"],
    "rating": 4.9
  },
  {
    "employee_id": "EMP1004",
    "doctor_name": "Dr. Ritu Das",
    "specialization": "ENT",
    "hospital_name": "KIMS-Ushalakshmi Centre",
    "locality": "Begumpet",
    "city": "Hyderabad",
    "state": "Telangana",
    "phone_number": "9584321373",
    "email_address": "ritu.das4@hospitalmail.in",
    "native_language": "Marathi",
    "languages_known": ["English", "Hindi", "Kannada"],
    "rating": 4.5
  },
  {
    "employee_id": "EMP1005",
    "doctor_name": "Dr. Kiran Rao",
    "specialization": "Dermatology",
    "hospital_name": "CMC Vellore",
    "locality": "Katpadi Road",
    "city": "Vellore",
    "state": "Tamil Nadu",
    "phone_number": "7744503230",
    "email_address": "kiran.rao5@hospitalmail.in",
    "native_language": "Marathi",
    "languages_known": ["Telugu", "Marathi", "English", "Bengali"],
    "rating": 4.7
  },
  {
    "employee_id": "EMP1006",
    "doctor_name": "Dr. Kavita Naik",
    "specialization": "Gynecology",
    "hospital_name": "AMRI Hospital",
    "locality": "Salt Lake",
    "city": "Kolkata",
    "state": "West Bengal",
    "phone_number": "8701174334",
    "email_address": "kavita.naik6@hospitalmail.in",
    "native_language": "Bengali",
    "languages_known": ["Tamil", "Malayalam"],
    "rating": 4.8
  },
  {
    "employee_id": "EMP1007",
    "doctor_name": "Dr. Suresh Reddy",
    "specialization": "Ophthalmology",
    "hospital_name": "KIMS-Ushalakshmi Centre",
    "locality": "Begumpet",
    "city": "Hyderabad",
    "state": "Telangana",
    "phone_number": "9901995721",
    "email_address": "suresh.reddy7@hospitalmail.in",
    "native_language": "Malayalam",
    "languages_known": ["Marathi", "English"],
    "rating": 4.6
  }
]
